net,alpha,vmin_pu,vq05_pu,vmed_pu,vq95_pu
spd_r,1.0,1.01,1.0100013293488697,1.0100013293488697,1.0100013293488697
