net,alpha,vmin_pu,vq05_pu,vmed_pu,vq95_pu
spd_s,2.0,1.0674241333184333,1.0796385268083581,1.081386172234308,1.0826205286879533
